aun2,SchoolName,AUN,SchoolNumber,LEAName,NumBlack,DropRate,EconDisadv,PctELL,NumFemale
1005100007744,First Phila CS For Literacy,100510000,7744,First Phila CS For Literacy,43.39,0,87.2,3.21,52.44
1012613024939,West Crawford El Sch,101261302,4939,Connellsville Area SD,4.39,0,81.87,0,47.08
1012680032182,Ben Franklin Sch,101268003,2182,Uniontown Area SD,19.43,0.61,80.57,2.25,52.76
1012680032184,Uniontown Area SHS,101268003,2184,Uniontown Area SD,16.63,4.95,83.25,0.12,52.96
1012680037933,Lafayette El Sch,101268003,7933,Uniontown Area SD,42.81,0,93.93,0,47.6
1012680037934,Lafayette MS,101268003,7934,Uniontown Area SD,39.33,0,93.26,0,51.69
1020230307549,Manchester Academic CS,102023030,7549,Manchester Academic CS,96.01,0,99.69,0,48.16
1020274510416,Pittsburgh Perry HS,102027451,0416,Pittsburgh SD,75.58,4.98,85.14,0,49.26
1020274516047,Pittsburgh Oliver,102027451,6047,Pittsburgh SD,84.07,0,84.07,0,25.66
1020274517616,Pittsburgh Allegheny 6-8,102027451,7616,Pittsburgh SD,77.25,0,87.2,0.95,53.08
1020274517886,Pittsburgh Arsenal 6-8,102027451,7886,Pittsburgh SD,75.71,0,85.24,15.71,51.43
1020274518110,Pittsburgh Milliones 6-12,102027451,8110,Pittsburgh SD,91.06,1.78,83.94,0,49.09
1030200027772,Propel CS-Homestead,103020002,7772,Propel CS-Homestead,87.61,4.05,84.68,0,53.36
1030200037831,Propel CS-McKeesport,103020003,7831,Propel CS-McKeesport,65.81,0,81.75,0,53.98
1030203688337,Young Scholars of McKeesport Charter Sch,103020368,8337,Young Scholars of McKeesport Charter Sch,83.75,0,97.5,1.25,58.75
1030221030000,Cornell SD,103022103,0000,Cornell SD,13.15,0.35,100,1.1,50.86
1030221036944,Cornell El Sch,103022103,6944,Cornell SD,10.51,0,100,1.99,51.14
1030221038087,Cornell HS,103022103,8087,Cornell SD,16.38,0.35,100,0,50.52
1030225030000,Duquesne City SD,103022503,0000,Duquesne City SD,67.79,0,81.6,0,46.63
1030225037908,Duquesne El Sch,103022503,7908,Duquesne City SD,67.79,0,81.6,0,46.63
1030249528306,Propel CS - Hazelwood,103024952,8306,Propel CS - Hazelwood,78.14,0,84.62,0.4,53.44
1030260028271,Twin Rivers Intrmd Sch,103026002,8271,McKeesport Area SD,50.89,0,80.8,0,48.88
1030281928193,Propel CS-Northside,103028192,8193,Propel CS-Northside,77.83,0,80.54,0,47.29
1030282468194,Urban Pathways K-5 College Charter Schoo,103028246,8194,Urban Pathways K-5 College Charter School,96.58,0,93.92,0,48.67
1030288330193,Barrett El Sch,103028833,0193,Steel Valley SD,74.27,0,81.74,1.24,45.23
1030298030000,Wilkinsburg Borough SD,103029803,0000,Wilkinsburg Borough SD,94.58,2.5,81.61,0.26,49.34
1030298030553,Turner El Sch,103029803,0553,Wilkinsburg Borough SD,94.09,0,81.01,0,51.9
1030298030554,Wilkinsburg MS,103029803,0554,Wilkinsburg Borough SD,94.32,0.9,80.68,0,50
1030298030555,Wilkinsburg SHS,103029803,0555,Wilkinsburg Borough SD,93.86,3.55,80.7,0,45.61
1030298035106,Kelly El Sch,103029803,5106,Wilkinsburg Borough SD,95.27,0,82.65,0.63,48.58
1035193768146,Universal Daroff Charter School,103519376,8146,Universal Daroff Charter School,98.65,0,87.33,1.72,52.4
1043753028319,Harry W Lockley Early Learning Center,104375302,8319,New Castle Area SD,21.77,0,84.33,0,46.05
1044325030000,Farrell Area SD,104432503,0000,Farrell Area SD,82,0.94,92.12,0,47.12
1044325035248,Farrell Area HS/UMS,104432503,5248,Farrell Area SD,80.58,0.94,97.09,0,47.25
1044325037119,Farrell Area ES/LMS,104432503,7119,Farrell Area SD,83.59,0,90.26,0,47.95
1044328307506,Keystone Education Center CS,104432830,7506,Keystone Education Center CS,19.72,12.75,98.59,0,40.38
1044329036125,George Jr Republic HS,104432903,6125,Grove City Area SD,58.14,0,100,2.62,0
1044329037316,George Jr Republic MS,104432903,7316,Grove City Area SD,57.63,0,100,1.69,0
1044356033170,Musser El Sch,104435603,3170,Sharon City SD,42.4,0,92.69,0,49.42
1044356033171,West Hill El Sch,104435603,3171,Sharon City SD,9.66,0,87.93,3.1,52.07
1052526022001,Cleveland El Sch,105252602,2001,Erie City SD,19.7,0,80.3,2.67,48.75
1052526022003,Diehl El Sch,105252602,2003,Erie City SD,39.16,0,81.18,14.83,49.43
1052526022016,McKinley El Sch,105252602,2016,Erie City SD,52.44,0,83.36,9.41,47.56
1052526022022,Emerson-Gridley El Sch,105252602,2022,Erie City SD,47.83,0,80.17,3.33,45.33
1052526022027,Strong Vincent HS,105252602,2027,Erie City SD,43.09,7.45,80.24,7.73,45.02
1052526026959,Wayne MS,105252602,6959,Erie City SD,51.45,0,81.93,14.85,50.38
1052526027035,Pfeiffer-Burleigh El Sch,105252602,7035,Erie City SD,45.26,0,80.08,17.69,47.49
1052526027294,Central HS,105252602,7294,Erie City SD,23.22,1.74,82.04,5.48,44.36
1052526027515,Northwest PA Collegiate Academy,105252602,7515,Erie City SD,11.28,0.25,80.54,0,57.72
1052529207532,Robert Benjamin Wiley Community CS,105252920,7532,Robert Benjamin Wiley Community CS,43.42,0,99.74,0,53.16
1052575128163,Erie Rise Leadership Academy Charter Sch,105257512,8163,Erie Rise Leadership Academy Charter School,63.32,0,97.63,7.12,51.72
1061720031540,Penfield El Sch,106172003,1540,Dubois Area SD,4,0,81.33,0,52
1076530407550,Dr Robert Ketterer CS Inc.,107653040,7550,Dr Robert Ketterer CS Inc.,25.26,2.59,96.32,0,35.79
1076563030000,New Kensington-Arnold SD,107656303,0000,New Kensington-Arnold SD,28.49,2.59,99.9,0.58,49.73
1076563034466,Martin Sch,107656303,4466,New Kensington-Arnold SD,31.68,0,100,0,50.93
1076563038321,Berkey Sch,107656303,8321,New Kensington-Arnold SD,29.37,0,100,0.79,46.56
1076563038322,Roy A. Hunt El Sch,107656303,8322,New Kensington-Arnold SD,29.26,0,100,1.28,51.85
1076563038323,Valley JSHS,107656303,8323,New Kensington-Arnold SD,26.78,1.65,99.75,0,49.14
1080705020895,Juniata El Sch,108070502,0895,Altoona Area SD,9.8,0,80.39,0,46.73
1080705027425,Kimmel Alternative School,108070502,7425,Altoona Area SD,15.62,21.21,87.5,0,46.88
1080705028280,Penn-Lincoln El Sch,108070502,8280,Altoona Area SD,14.98,0,90.93,0,46.84
1081125020000,Greater Johnstown SD,108112502,0000,Greater Johnstown SD,30.14,0.08,86.31,1.13,48.58
1081125021251,Greater Johnstown SHS,108112502,1251,Greater Johnstown SD,30.42,0.13,93.14,1.37,48.25
1081125021252,Greater Johnstown MS,108112502,1252,Greater Johnstown SD,31.07,0,95.74,1.1,45.9
1085151077960,Southwest Leadership Academy CS,108515107,7960,Southwest Leadership Academy CS,98.14,0,100,3.51,50.52
1122813022192,Buchanan El Sch,112281302,2192,Chambersburg Area SD,6.81,0,81,8.6,49.46
1122813022196,Stevens El Sch,112281302,2196,Chambersburg Area SD,18.71,0,97.12,20.86,44.96
1122813028047,Benjamin Chambers El Sch,112281302,8047,Chambersburg Area SD,15.17,0,96.17,11.67,50.5
1126733007624,Crispus Attucks Youthbuild CS,112673300,7624,Crispus Attucks Youthbuild CS,43.56,65.63,90.1,12.87,51.49
1126735007675,Lincoln CS,112673500,7675,Lincoln CS,32.74,0,100,13.78,51.3
1126790020000,York City SD,112679002,0000,York City SD,36.27,1.74,99.95,22.18,48.3
1126790024647,William Penn SHS,112679002,4647,York City SD,43.13,3.09,100,21.08,53.46
1126790028237,Davis Sch,112679002,8237,York City School District,35.25,0,100,22.46,50.33
1126790028238,Devers Sch,112679002,8238,York City School District,34.26,0,100,21.76,46.47
1126790028239,Ferguson Sch,112679002,8239,York City School District,33.96,0,100,19.33,48.32
1126790028240,Goode Sch,112679002,8240,York City School District,34.7,0,100,19.55,47.42
1126790028241,Jackson Sch,112679002,8241,York City School District,30.39,0,100,29.15,46.82
1126790028242,McKinley Sch,112679002,8242,York City School District,36.02,0,100,22.52,46.74
1126790028291,Hannah Penn MS,112679002,8291,York City SD,36.03,0,100,24.62,45.26
1133629407538,La Academia Partnership Charter School,113362940,7538,La Academia Partnership Charter School,2.67,0,100,16.04,51.34
1133640020000,Lancaster SD,113364002,0000,Lancaster SD,16.9,1.97,90.72,15.85,48.89
1133640022581,Fulton El Sch,113364002,2581,Lancaster SD,17.38,0,96.9,20.48,48.81
1133640022584,Lafayette El Sch,113364002,2584,Lancaster SD,15.41,0,91.54,11.84,49.44
1133640022587,Ross El Sch,113364002,2587,Lancaster SD,15.75,0,92.27,12.15,49.17
1133640022589,George Washington El Sch,113364002,2589,Lancaster SD,13.89,0,95.66,21.01,48.61
1133640022590,Thomas Wharton El Sch,113364002,2590,Lancaster SD,8.17,0,82.02,10.9,51.5
1133640022591,Wickersham El Sch,113364002,2591,Lancaster SD,15.7,0,91.45,11.09,48.73
1133640022592,Hamilton El Sch,113364002,2592,Lancaster SD,14.78,0,87.61,9.78,42.61
1133640022593,Hand MS,113364002,2593,Lancaster SD,18.87,0,95.09,23.02,47.17
1133640022594,Reynolds MS,113364002,2594,Lancaster SD,20.13,0.29,90.15,21.17,46.33
1133640022595,Lincoln MS,113364002,2595,Lancaster SD,20.49,0.26,93.17,17.84,52.94
1133640022596,McCaskey Campus,113364002,2596,Lancaster SD,21,1.37,88.48,19.19,52.13
1133640022597,James Buchanan El Sch,113364002,2597,Lancaster SD,11.73,0,84.95,6.89,44.64
1133640022598,Burrowes Sch,113364002,2598,Lancaster SD,11.46,0,92.45,12.24,50.26
1133640022599,Elizabeth R Martin El Sch,113364002,2599,Lancaster SD,15.1,0,84.59,7.7,54.24
1133640022600,Wheatland MS,113364002,2600,Lancaster SD,18.64,0,84.23,11.65,45.88
1133640025056,King El Sch,113364002,5056,Lancaster SD,11.47,0,97.9,18.16,49.33
1133640026762,Price El Sch,113364002,6762,Lancaster SD,14.34,0,95.15,11.52,45.86
1133640027182,Carter and MacRae El Sch,113364002,7182,Lancaster SD,11.65,0,96.48,12.75,45.93
1133640027922,Phoenix Academy,113364002,7922,Lancaster SD,23.12,15.79,95.2,28.23,37.24
1140603928155,I-LEAD Charter School,114060392,8155,I-LEAD Charter School,4.8,10.08,100,28.23,50
1140670020000,Reading SD,114067002,0000,Reading SD,8.9,3.56,99.76,19.4,48.06
1140670020831,Tyson-Schoener El Sch,114067002,0831,Reading SD,10.53,0,100,20.46,46.41
1140670020832,Thirteenth & Union El Sch,114067002,0832,Reading SD,6.03,0,100,16.89,52.52
1140670020840,Amanda E Stout El Sch,114067002,0840,Reading SD,6.15,0,100,22.23,45.14
1140670020844,Glenside El Sch,114067002,0844,Reading SD,12,0,100,8,49
1140670020845,Riverside El Sch,114067002,0845,Reading SD,7.67,0,100,15.9,44.97
1140670020852,Lauers Park El Sch,114067002,0852,Reading SD,9.17,0,100,18.85,48.54
1140670020855,Southern MS,114067002,0855,Reading SD,8.57,0,100,18.93,48.75
1140670020856,Northwest MS,114067002,0856,Reading SD,9.14,0,99.85,22.12,48.23
1140670020857,Southwest MS,114067002,0857,Reading SD,8.03,0,100,24.51,47.29
1140670020858,Northeast MS,114067002,0858,Reading SD,7.41,0,100,21.66,46.52
1140670025025,Twelfth & Marion El Sch,114067002,5025,Reading SD,6.97,0,100,21.92,52.54
1140670025026,Tenth & Green El Sch,114067002,5026,Reading SD,5.62,0,100,23.43,49.53
1140670025027,Thirteenth & Green El Sch,114067002,5027,Reading SD,6.09,0,100,16.41,48.75
1140670025028,Sixteenth & Haak El Sch,114067002,5028,Reading SD,13.68,0,100,8.59,49.64
1140670025206,Northwest El Sch,114067002,5206,Reading SD,8.16,0,100,18.81,48.41
1140670027484,Tenth & Penn El Sch,114067002,7484,Reading SD,7.33,0,99.82,21.47,51.52
1140670028116,Reading SHS,114067002,8116,Reading SD,11.06,7.46,98.86,18.99,47.17
1140670028117,Citadel Intermediate HS,114067002,8117,Reading SD,9.03,0,99.83,25.1,48.85
1140670028247,Millmont El Sch,114067002,8247,Reading School District,11.06,0,100,10.61,47.27
1145141358083,Sankofa Freedom Academy Charter School,114514135,8083,Sankofa Freedom Academy Charter School,94.07,0,99.7,4.01,49.85
1152227521766,Foose Sch,115222752,1766,Harrisburg City SD,48.37,0,85.71,10,46.94
1152227527667,Scott Sch,115222752,7667,Harrisburg City SD,40.66,0,82.35,17.82,50.52
1152227528264,Camp Curtin Sch,115222752,8264,Harrisburg City SD,70.06,0,81.21,8.47,45.48
1152227528265,Downey Sch,115222752,8265,Harrisburg City SD,62.53,0,81.52,3.8,49.11
1152227528268,Benjamin Franklin Sch,115222752,8268,Harrisburg City SD,68.2,0,82.95,4.96,49.58
1152230507551,Sylvan Heights Science CS,115223050,7551,Sylvan Heights Science CS,74.07,0,80.09,0,54.63
1152240037844,Price,115224003,7844,Lower Dauphin SD,20,0,80,6.67,13.33
1152280030000,Steelton-Highspire SD,115228003,0000,Steelton-Highspire SD,53.57,3.27,83.37,2.63,49.96
1152280031799,Steelton-Highspire El Sch,115228003,1799,Steelton-Highspire SD,54.42,0,90.4,1.64,50.13
1164966037741,Chief Shikellamy Sch,116496603,7741,Shikellamy SD,5.68,0,82.7,1.89,50.81
1184033027936,Hazleton El/MS,118403302,7936,Hazleton Area SD,3.87,0.53,83.95,23.64,47.42
1184033028334,Maple Manor El/MS,118403302,8334,Hazleton Area SD,2.27,0,86.52,21.63,49.13
1184088522995,Dodson El Sch,118408852,2995,Wilkes-Barre Area SD,20.82,0,80.48,7.81,49.44
1184088523008,G A R Memorial JSHS,118408852,3008,Wilkes-Barre Area SD,26.41,1.53,80.4,12.56,51.17
1184088525152,Daniel J Flood El Sch,118408852,5152,Wilkes-Barre Area SD,21.21,0,80.81,8.08,45.12
1184093028243,State El Ctr,118409302,8243,Wyoming Valley West School District,12.53,0,80.43,1.12,50.9
1193574020000,Scranton SD,119357402,0000,Scranton SD,10.99,2.84,81.26,8.22,48.04
1193574022455,John Adams #4,119357402,2455,Scranton SD,13.84,0,92.73,21.8,48.79
1193574022476,George Bancroft #34,119357402,2476,Scranton SD,8.3,0,89.52,11.79,51.53
1193574022487,South Scranton Intrmd Sch,119357402,2487,Scranton SD,11.54,0,85.84,13.11,49.65
1193574024736,John F. Kennedy #7,119357402,4736,Scranton SD,8.94,0,86.01,7.8,46.79
1193574024858,John G Whittier #2,119357402,4858,Scranton SD,8.96,0,82.66,10.84,51.16
1193574025149,Charles Sumner #18,119357402,5149,Scranton SD,7.49,0,89.52,2.4,48.8
1193574025232,Neil Armstrong #40,119357402,5232,Scranton SD,8.93,0,81.03,3.92,48.59
1193574026791,West Scranton Intrmd Sch,119357402,6791,Scranton SD,10.33,0.21,81.19,3.96,50.21
1193574026970,McNichols Plaza,119357402,6970,Scranton SD,10.06,0,83.73,11.13,46.9
1193574027700,Northeast Intrmd Sch,119357402,7700,Scranton SD,12.55,0,86.16,10.48,48.77
1204810023443,Lincoln El Sch,120481002,3443,Bethlehem Area SD,9.64,0,80.42,8.73,47.29
1204810023454,Marvine El Sch,120481002,3454,Bethlehem Area SD,13.13,0,93.73,15.22,48.96
1204810023458,Freemansburg El Sch,120481002,3458,Bethlehem Area SD,9.78,0,87.5,7.88,43.75
1204810023464,Broughal MS,120481002,3464,Bethlehem Area SD,12.32,0,91.3,15.4,45.47
1204810026722,Donegan El Sch,120481002,6722,Bethlehem Area SD,12.13,0,98.63,20.82,50.57
1204810026723,Fountain Hill El Sch,120481002,6723,Bethlehem Area SD,10.93,0,85.3,10.22,44.62
1213903022774,Jefferson El Sch,121390302,2774,Allentown City SD,15.13,0,80.5,8.91,48.91
1213903022777,McKinley El Sch,121390302,2777,Allentown City SD,14.88,0,86.51,17.99,48.44
1213903022779,Mosser El Sch,121390302,2779,Allentown City SD,12.82,0,82.56,7.52,46.15
1213903022782,Roosevelt El Sch,121390302,2782,Allentown City SD,15.96,0,80.38,6.44,44.95
1213903022786,Washington El Sch,121390302,2786,Allentown City SD,11.4,0,85.31,20.61,47.59
1213903022791,Harrison-Morton MS,121390302,2791,Allentown City SD,14.32,0.36,80.9,12.56,43.47
1213903026448,Sheridan El Sch,121390302,6448,Allentown City SD,13.4,0,86.45,10.99,50.45
1213903028140,Luis A. Ramos El Sch,121390302,8140,Allentown City SD,13.15,0,80.28,11.38,48.24
1213915268317,Roberto Clemente Elementary Charter School,121391526,8317,Roberto Clemente Elementary Charter School,6.62,0,100,16.72,48.78
1213928818210,Medical Academy CS,121392881,8210,Medical Academy Charter School,11.43,0,89.52,8.57,57.14
1213933307629,Roberto Clemente CS,121393330,7629,Roberto Clemente CS,4.98,0,97.01,14.29,55.15
1213980658325,Executive Education Academy Charter School,121398065,8325,Executive Education Academy Charter School,17.53,0,100,3.81,45.62
1213998988336,Arts Academy Elementary Charter School,121399898,8336,Arts Academy Elementary Charter School,21.04,0,100,0,70.05
1220910024675,Benjamin Rush El Sch,122091002,4675,Bensalem Township SD,16.32,0,82.63,19.74,45
1234656020000,Norristown Area SD,123465602,0000,Norristown Area SD,36.15,2.63,80.58,12.35,49.08
1234656023318,Hancock El Sch,123465602,3318,Norristown Area SD,44.99,0,86.38,12.6,48.59
1234656023320,Stewart MS,123465602,3320,Norristown Area SD,37.73,0,88.48,11.34,48.51
1234656023321,Eisenhower MS,123465602,3321,Norristown Area SD,40.65,0,90.93,11.98,49.18
1234656023408,Marshall Street El Sch,123465602,3408,Norristown Area SD,30.59,0,84.7,13.42,47.91
1234656025080,Gotwals El Sch,123465602,5080,Norristown Area SD,28.61,0,97.84,22.6,49.04
1234656026998,Roosevelt Altern Sch,123465602,6998,Norristown Area SD,48.7,22.73,84.35,8.7,43.48
1234656027364,Whitehall El Sch,123465602,7364,Norristown Area SD,29.44,0,89.07,21.3,50.37
1234656028313,Ray S. Musselman Learning Center,123465602,8313,Norristown Area SD,35.82,0,83.69,18.44,46.81
1241528807514,Chester Co Family Academy CS,124152880,7514,Chester Co Family Academy CS,26.13,0,95.5,42.34,53.15
1252312320000,Chester-Upland SD,125231232,0000,Chester-Upland SD,89.68,0.37,82.6,3.54,47.55
1252312321829,Stetser El Sch,125231232,1829,Chester-Upland SD,96.44,0,87.75,0.4,44.27
1252312321958,Main Street Sch,125231232,1958,Chester-Upland SD,90.12,0,81.18,3.53,48.71
1252312326492,Chester HS,125231232,6492,Chester-Upland SD,85.48,0.75,84.16,4.77,47.31
1252312328020,Chester Upland Sch of Arts,125231232,8020,Chester-Upland SD,94.67,0,85.4,2.76,48.32
1252312328302,Toby Farms Intermediate School,125231232,8302,Chester-Upland SD,89.94,0,85.31,5.23,44.87
1252312328303,STEM at Showalter,125231232,8303,Chester-Upland SD,90.26,0,87.08,2.81,55.06
1252329507539,Chester Community CS,125232950,7539,Chester Community CS,81.43,0,96.71,4.93,51.75
1252335178338,Vision Academy Charter School,125233517,8338,Vision Academy Charter School,92.2,0,84.39,2.44,50.73
1252377025043,Eddystone El Sch,125237702,5043,Ridley SD,25.98,0,80.39,1.47,50
1252384020000,Southeast Delco SD,125238402,0000,Southeast Delco SD,70.16,1.42,82.19,2.36,46.76
1252384021943,Sharon Hill Sch,125238402,1943,Southeast Delco SD,84.76,0,86.89,3.81,46.8
1252384026501,Harris Sch,125238402,6501,Southeast Delco SD,72.43,0,85.49,2.64,46.7
1252384026505,Delcroft Sch,125238402,6505,Southeast Delco SD,60.89,0,84,1.48,44.59
1252384026516,Academy Park HS,125238402,6516,Southeast Delco SD,72.29,2.2,80.4,2.89,47.15
1252394521960,Bywood El Sch,125239452,1960,Upper Darby SD,68.93,0,85.49,12.46,47.16
1252394521968,Stonehurst Hills El Sch,125239452,1968,Upper Darby SD,85.71,0,88.25,6.15,49.01
1252394521970,Beverly Hills MS,125239452,1970,Upper Darby SD,63.12,0,83.72,10.44,49.06
1252394527845,Walter M Senkow El Sch,125239452,7845,Upper Darby SD,26.76,0,84.86,21.13,50
1252394527943,Charles Kelly El Sch,125239452,7943,Upper Darby SD,57.45,0,89.44,15.22,45.03
1252396521856,Colwyn El Sch,125239652,1856,William Penn SD,96.61,0,84.75,0,52.54
1252396527020,Park Lane El Sch,125239652,7020,William Penn SD,93.43,0,88.08,0,45.26
1252396527385,Bell Avenue School,125239652,7385,William Penn SD,97.38,0,81.69,0,53.2
1252396528018,Walnut Street El Sch,125239652,8018,William Penn SD,95.5,0,92.29,0.21,46.04
1265100017677,Russell Byers CS,126510001,7677,Russell Byers CS,83.74,0,96.71,2.06,53.09
1265100067722,West Phila. Achievement CES,126510006,7722,West Phila. Achievement CES,99.43,0,100,0,52.77
1265100077724,Wissahickon CS,126510007,7724,Wissahickon CS,89.54,0,82.56,0.11,49.61
1265100107750,Belmont Charter School,126510010,7750,Belmont Charter School,96.46,0,95.9,0.14,48.23
1265100117775,Discovery Charter School,126510011,7775,Discovery Charter School,99.74,0,82.25,0,50.73
1265100137776,KIPP Philadelphia Charter School,126510013,7776,KIPP Philadelphia Charter School,93.89,1.15,92.16,0,48.34
1265100147777,Maritime Academy CS,126510014,7777,Maritime Academy Charter School,26.84,0,82.71,1.45,48.97
1265100177826,Khepera CS,126510017,7826,Khepera CS,99.52,0,99.28,0,50.36
1265100187829,New Media Technology CS,126510018,7829,New Media Technology CS,97.51,0,100,0.83,49.38
1265100227909,Mastery CS -Shoemaker Campus,126510022,7909,Mastery CS-Shoemaker Campus,95.85,0.41,91.03,0.94,46.32
1265115638216,Esperanza Cyber CS,126511563,8216,Esperanza Cyber Charter School,5.37,9.71,93.29,18.79,59.06
1265117488208,Mastery CS-Clymer Elementary,126511748,8208,Mastery CS-Clymer Elementary,87.85,0,93.19,3.13,46.96
1265126748287,Universal Alcorn CS,126512674,8287,Universal Alcorn CS,93.36,0,93.75,0.98,50.98
1265128407510,Community Academy of Philadelphia CS,126512840,7510,Community Academy of Philadelphia CS,13.82,0.92,85.51,5.63,53.56
1265128507511,Philadelphia Harambee Inst CS,126512850,7511,Philadelphia Harambee Inst CS,100,0,88.04,0,49.02
1265128707513,Youth Build Phila CS,126512870,7513,Youth Build Phila CS,86.82,23.61,100,0.78,55.04
1265129807542,Imhotep Institute CHS,126512980,7542,Imhotep Institute CHS,100,0,100,0,44.44
1265129907543,Alliance for Progress CS,126512990,7543,Alliance for Progress CS,96.88,0,82.59,0,53.57
1265130207548,West Oak Lane CS,126513020,7548,West Oak Lane CS,97.7,0,90.31,0,48.94
1265130707557,Inquiry Charter School,126513070,7557,Belmont Academy Charter School,97.93,0,83.45,0,47.59
1265132107580,Universal Institute CS,126513210,7580,Universal Institute CS,94.17,0,83.05,3.31,51.39
1265132307582,Math Civics and Sciences CS,126513230,7582,Math Civics and Sciences CS,97.34,0,81.6,0,55.21
1265132507584,Young Scholars CS,126513250,7584,Young Scholars CS,94.64,0,84.29,0,55.17
1265132707586,Freire CS,126513270,7586,Freire CS,94.91,0.13,83.83,0.6,59.18
1265132907588,Hardy Williams Academy CS,126513290,7588,Hardy Williams Academy CS,98.1,0.21,87.84,0.52,54.22
1265133807639,Global Leadership Academy CS,126513380,7639,Global Leadership Academy CS,98.72,0,100,0.14,55.74
1265134407665,Esperanza Academy Charter High School,126513440,7665,Esperanza Academy Charter High School,2.95,0.51,92.14,20.28,52.21
1265134528205,Olney Charter High School,126513452,8205,Olney Charter High School,32.44,2.21,83.78,20.55,44.22
1265134707671,Delaware Valley CHS,126513470,7671,Delaware Valley CHS,98.15,0,94.44,0,50
1265134807672,Mariana Bracetti Academy CS,126513480,7672,Mariana Bracetti Academy CS,15.17,0.39,100,10.28,51.55
1265143688217,ACT Academy Cyber CS,126514368,8217,ACT Academy Cyber Charter School,86.49,3.64,87.39,0,49.55
1265147208289,Young Scholars Kenderton CS,126514720,8289,Young Scholars Kenderton CS,96.11,0,100,0,45.37
1265148648358,KIPP DuBois Charter School,126514864,8358,KIPP DuBois Charter School,94.62,0,82.56,0,53.06
1265150013614,Rhoads James Sch,126515001,3614,Philadelphia City SD,92.67,0.92,84.32,0,47.25
1265150013615,Washington Martha Sch,126515001,3615,Philadelphia City SD,86.27,0.84,88.33,0.92,44.62
1265150013616,Penrose Sch,126515001,3616,Philadelphia City SD,81.43,0,83.55,5.21,51.14
1265150013620,Bregy F Amedee Sch,126515001,3620,Philadelphia City SD,59.53,0,82.23,1.71,47.97
1265150013622,Childs George W Sch,126515001,3622,Philadelphia City SD,53.02,0,81.59,17.94,51.27
1265150013625,Gideon Edward Sch,126515001,3625,Philadelphia City SD,95.05,1.72,85.45,0,54.8
1265150013629,McDaniel Delaplaine Sch,126515001,3629,Philadelphia City SD,90.08,0.79,82.64,1.24,48.48
1265150013635,Stanton Edwin M Sch,126515001,3635,Philadelphia City SD,83.43,0,81.1,1.16,49.13
1265150013645,Kearny Gen Philip Sch,126515001,3645,Philadelphia City SD,80.31,0,84.56,0.67,50.78
1265150013653,Sharswood George Sch,126515001,3653,Philadelphia City SD,11.44,0,80.59,9.53,46.97
1265150013655,Spring Garden Sch,126515001,3655,Philadelphia City SD,77.98,0,87.36,9.75,52.71
1265150013662,Blaine James G Sch,126515001,3662,Philadelphia City SD,87.62,1.47,81.8,0.19,45.22
1265150013663,Blankenburg Rudolph Sch,126515001,3663,Philadelphia City SD,93.67,1.04,80.42,0.19,49.14
1265150013664,Cassidy Lewis C AC Plus Sch,126515001,3664,Philadelphia City SD,90.8,0,80.43,3.33,49.12
1265150013684,Brown Henry A Sch,126515001,3684,Philadelphia City SD,12.29,2.78,86.41,11.36,47.67
1265150013687,Dunbar Paul L Sch,126515001,3687,Philadelphia City SD,88.46,1.96,86.22,0.64,45.51
1265150013688,Elkin Lewis Sch,126515001,3688,Philadelphia City SD,16.22,0,80.3,22.25,46.81
1265150013693,Hunter William H Sch,126515001,3693,Philadelphia City SD,9.56,0,83.27,14.15,46.51
1265150013694,Ludlow James R Sch,126515001,3694,Philadelphia City SD,69.79,0,86.4,5.74,46.83
1265150013697,Moffet John Sch,126515001,3697,Philadelphia City SD,12.47,0,83.66,9.97,46.81
1265150013701,Richmond Sch,126515001,3701,Philadelphia City SD,18.7,0,82.03,5.3,49.93
1265150013703,Welsh John Sch,126515001,3703,Philadelphia City SD,30.18,0,86.78,16.74,51.98
1265150013709,Emlen Eleanor C Sch,126515001,3709,Philadelphia City SD,88.64,0,81.59,0.45,52.05
1265150013724,Rowen William Sch,126515001,3724,Philadelphia City SD,92.68,0,82.47,0.58,49.9
1265150013727,Steel Edward Sch,126515001,3727,Philadelphia City SD,94.26,1.49,81.91,0.52,44.7
1265150013728,Widener Memorial Sch,126515001,3728,Philadelphia City SD,41.06,2,98.68,0.66,38.41
1265150013742,Hopkinson Francis Sch,126515001,3742,Philadelphia City SD,25.19,0,81.16,18.62,48.74
1265150013749,Morrison Andrew J Sch,126515001,3749,Philadelphia City SD,53.48,0,80.87,14.35,46.81
1265150013750,Olney El Sch,126515001,3750,Philadelphia City SD,42.3,1.2,81.55,23.27,49.47
1265150013751,Feltonville Intermediate School,126515001,3751,Philadelphia City SD,22.47,0,94.1,20.79,49.3
1265150013753,Sullivan James J Sch,126515001,3753,Philadelphia City SD,45.39,0,80.08,5.96,45.66
1265150013755,Taylor Bayard Sch,126515001,3755,Philadelphia City SD,18.03,0,80.33,20.95,53.55
1265150013758,Allen Ethan Sch,126515001,3758,Philadelphia City SD,34.36,0,81.79,16.87,50.31
1265150013763,Disston Hamilton Sch,126515001,3763,Philadelphia City SD,32.41,1.66,84.94,7.36,47.82
1265150013782,Comegys Benjamin B Sch,126515001,3782,Philadelphia City SD,90.33,3.96,83.13,0,47.45
1265150013786,Dick William Sch,126515001,3786,Philadelphia City SD,93.97,0,85.19,0,43.51
1265150013798,Mitchell El Sch,126515001,3798,Philadelphia City SD,94.29,2.17,83.03,0.6,49.7
1265150013800,Sheridan Sch,126515001,3800,Philadelphia City SD,26.23,0,81.19,14.44,47.42
1265150013807,Huey Samuel B Sch,126515001,3807,Philadelphia City SD,93.51,0.94,80.34,1.15,50.19
1265150013818,Furness Horace HS,126515001,3818,Philadelphia City SD,23.05,6.68,81.89,47.9,38.92
1265150013835,Wagner Gen Louis MS,126515001,3835,Philadelphia City SD,94.23,0.29,92.99,1.24,47.42
1265150013841,Dobbins AVT HS,126515001,3841,Philadelphia City SD,91.28,0.81,95.97,2.01,59.23
1265150013842,Mastbaum Jules E AVTS,126515001,3842,Philadelphia City SD,50.07,1.86,96.05,9.22,43.78
1265150013844,Roxborough HS,126515001,3844,Philadelphia City SD,83.33,6.05,80.88,1.4,42.28
1265150013847,Bartram John - Main,126515001,3847,Philadelphia City SD,93.02,3.49,86.75,6.55,41.45
1265150013849,Edison HS/Fareira Skills,126515001,3849,Philadelphia City SD,23.72,15.24,87.31,29.98,42.67
1265150013850,Frankford HS,126515001,3850,Philadelphia City SD,51.93,11.4,85.38,12.74,43.23
1265150013851,Franklin Benjamin HS,126515001,3851,Philadelphia City SD,84.48,34.42,89.28,10.88,36.16
1265150013857,Overbrook HS,126515001,3857,Philadelphia City SD,96.69,30.85,83.28,1.1,42.9
1265150013859,South Philadelphia HS,126515001,3859,Philadelphia City SD,56.56,33.2,81.01,21.86,41.26
1265150013860,West Philadelphia HS,126515001,3860,Philadelphia City SD,96.98,9.57,90,1.32,45.09
1265150014732,Locke Alain Sch,126515001,4732,Philadelphia City SD,79.74,0,80.18,7.93,49.12
1265150014868,Morris Robert Sch,126515001,4868,Philadelphia City SD,89.97,1.3,85.96,0.29,47.85
1265150015040,Duckrey Tanner Sch,126515001,5040,Philadelphia City SD,93.27,1.16,84.78,0.8,43.43
1265150015121,Potter-Thomas Sch,126515001,5121,Philadelphia City SD,18.45,1.14,84.7,18.45,45.74
1265150015124,Webster Sch,126515001,5124,Philadelphia City SD,30.76,0,81.84,7.95,47.22
1265150015125,Hartranft John F Sch,126515001,5125,Philadelphia City SD,64.93,1.56,87.17,7.01,46.29
1265150015183,Bethune Mary McLeod Sch,126515001,5183,Philadelphia City SD,70.6,2.24,81.13,7.96,51.6
1265150015185,Hamilton Andrew Sch,126515001,5185,Philadelphia City SD,89.67,0,84.06,0.88,48.16
1265150015292,Allen Dr Ethel Sch,126515001,5292,Philadelphia City SD,92.81,0.93,83.51,0.18,49.12
1265150015293,McKinley William Sch,126515001,5293,Philadelphia City SD,34.68,1.05,83.06,12.1,49.8
1265150015294,Kelly John B Sch,126515001,5294,Philadelphia City SD,88.14,0,81.23,0,46.85
1265150016525,Conwell Russell MS,126515001,6525,Philadelphia City SD,42.04,0,98.57,0.41,51.84
1265150016528,Harrington Avery D Sch,126515001,6528,Philadelphia City SD,91.38,0,81.83,1.47,48.81
1265150016544,Willard Frances E Sch,126515001,6544,Philadelphia City SD,29.1,0,80.42,12.57,47.49
1265150016548,Parkway Northwest,126515001,6548,Philadelphia City SD,93.64,0,82.27,1.36,49.55
1265150016675,King Martin Luther HS,126515001,6675,Philadelphia City SD,97.05,15.16,84.72,0.95,40.04
1265150016767,Clemente Roberto MS,126515001,6767,Philadelphia City SD,32.66,3.36,87.84,25.45,43.47
1265150016768,Meehan Austin MS,126515001,6768,Philadelphia City SD,37.99,0.36,80.45,6.52,44.88
1265150016822,Franklin LC,126515001,6822,Philadelphia City SD,50.81,2.42,84.79,15.55,59.68
1265150016823,Amy At Martin,126515001,6823,Philadelphia City SD,23.02,0.36,96.88,0.72,51.32
1265150016913,Fitler Academics Plus,126515001,6913,Philadelphia City SD,93.9,0,84.15,0,53.25
1265150017022,Middle Years Alternative,126515001,7022,Philadelphia City SD,82.43,0,93.31,2.51,59.41
1265150017175,DeBurgos Bilingual Magnet MS,126515001,7175,Philadelphia City SD,13.03,0.51,88.51,25.47,46.45
1265150017225,Waring Laura W Sch,126515001,7225,Philadelphia City SD,77.14,0,81.27,0.95,48.89
1265150017226,Fell D Newlin Sch,126515001,7226,Philadelphia City SD,12.25,0,86.49,25.41,45.23
1265150017228,Key Francis Scott Sch,126515001,7228,Philadelphia City SD,8.84,0,83.73,43.37,48.8
1265150017242,Harding Warren G MS,126515001,7242,Philadelphia City SD,59.01,1.47,90.53,11.02,41.37
1265150017245,Sayre William L MS,126515001,7245,Philadelphia City SD,95.45,6.53,84.78,0.4,45.26
1265150017253,Wilson Woodrow MS,126515001,7253,Philadelphia City SD,33.31,0.12,84.11,15.81,46.58
1265150017255,Strawberry Mansion HS,126515001,7255,Philadelphia City SD,98.45,18.31,86.01,0.26,44.04
1265150017256,Adaire Alexander Sch,126515001,7256,Philadelphia City SD,6.76,0,83.66,1.69,49.58
1265150017368,Feltonville Sch of Arts & Sciences,126515001,7368,Philadelphia City SD,26.94,1.74,93.8,19.77,43.99
1265150017472,Overbrook Elementary School,126515001,7472,Philadelphia City SD,92.21,0,82.68,0,43.72
1265150017521,Marshall Thurgood,126515001,7521,Philadelphia City SD,58.19,0,80.52,12.26,47.1
1265150017522,Munoz-Marin Luis,126515001,7522,Philadelphia City SD,12.14,0,81.36,19.8,51.59
1265150017663,Washington Grover Jr Sch,126515001,7663,Philadelphia City SD,56.17,0,91.06,12.7,44.72
1265150017780,Paul Robeson HS for Human Services,126515001,7780,Philadelphia City SD,93.79,1.09,87.59,5.86,58.28
1265150017782,Parkway-Center City,126515001,7782,Philadelphia City SD,79.78,0,86.64,1.26,58.66
1265150017808,Parkway West,126515001,7808,Philadelphia City SD,96.56,3.77,80.07,0.34,57.73
1265150017813,Randolph A. Philip AVT HS,126515001,7813,Philadelphia City SD,90.84,1.68,89.77,1.62,32.32
1265150017815,Motivation HS,126515001,7815,Philadelphia City SD,91.15,2.4,84.37,8.26,52.51
1265150017850,Philadelphia Military Acad at Elverson,126515001,7850,Philadelphia City SD,61.02,0,92.97,3.83,40.26
1265150017851,Kensington Intern Business Finance & En,126515001,7851,Philadelphia City SD,38.68,12.57,85.39,14.33,36.68
1265150017852,Kensington Creative & Performing Arts HS,126515001,7852,Philadelphia City SD,29.17,7.04,92.26,13.49,50.99
1265150017855,Kensington Culinary Arts,126515001,7855,Philadelphia City SD,32.5,7.78,88.41,18.41,51.59
1265150017903,School of the Future,126515001,7903,Philadelphia City SD,89.34,2.15,91.86,1.74,46.9
1265150017963,Juniata Park Academy,126515001,7963,Philadelphia City SD,11.52,0,82.98,19.77,48.4
1265150018292,Rhodes E Washington Sch,126515001,8292,Philadelphia City SD,92.44,3.49,86.29,0,49.74
1265150018293,Penn Treaty Sch,126515001,8293,Philadelphia City SD,26.98,6.25,93.71,6.29,38.95
1265150018295,Leeds Morris E MS,126515001,8295,Philadelphia City SD,92.72,0,90.29,1.94,36.89
1265150018296,Roosevelt Theodore MS,126515001,8296,Philadelphia City SD,93.77,0.49,87.37,0.18,49.82
1265150018297,Tilden William T MS,126515001,8297,Philadelphia City SD,85.93,2.87,87.45,12.55,45.02
1265150018328,The Workshop School,126515001,8328,Philadelphia City SD,89.95,0.7,89.45,3.52,39.2
1265150018329,The U School: Innovative Lab,126515001,8329,Philadelphia City SD,85.21,4.08,88.17,2.37,53.85
1265150018331,The Linc,126515001,8331,Philadelphia City SD,51.2,2.56,87.08,17.22,43.06
1265150018332,Building 21,126515001,8332,Philadelphia City SD,63.01,0.73,86.64,8.56,50.34
1265156918252,The Philadelphia CS for Arts and Science,126515691,8252,"Phila Charter School, Arts/Sciences at HR Emunds",61.97,0,83.6,11.87,50.5
1265164578153,Mastery CS-Harrity Campus,126516457,8153,Mastery CS-Harrity Campus,97.9,0,97.2,1.75,46.27
1265172868151,Mastery CS-Smedley Campus,126517286,8151,Mastery CS-Smedley Campus,64.99,0,97.3,5.53,46.98
1265185478150,Young Scholars Frederick Douglass Charte,126518547,8150,Young Scholars Frederick Douglas Charter School,98.06,0,85.77,0,48.51
1265187958288,Mastery CS - Francis D. Pastorius Elemen,126518795,8288,Mastery CS - Francis D. Pastorius Elementary,91.71,0,92.22,0.17,48.22
1265194338152,Mastery Charter School Mann Campus,126519433,8152,Mastery CS-Mann Campus,89.98,0,90.35,1.46,48.82
1265194348195,Universal Audenried Charter School,126519434,8195,Universal Audenried Charter School,92.67,2.43,95.57,2.56,48.38
1265194768206,Birney Preparatory Academy,126519476,8206,Birney Preparatory Academy,92.03,0,100,2.03,50.58
1265196448259,Mastery CS - Cleveland Elementary,126519644,8259,Mastery CS - Cleveland Elementary,92.49,0,98.95,1.05,50.59
1270405030000,Aliquippa SD,127040503,0000,Aliquippa SD,73.8,1.73,97.29,0,49.59
1270405038085,Aliquippa El Sch,127040503,8085,Aliquippa SD,70.2,0,98.62,0,51.61
1270405038086,Aliquippa JSHS,127040503,8086,Aliquippa SD,78.95,1.73,95.39,0,46.71
1270415030642,Central El Sch,127041503,0642,Big Beaver Falls Area SD,28.41,0,81.25,0.19,48.11
1346778668041,Helen Thackston Charter School,134677866,8041,Helen Thackston Charter School,34.21,0.36,100,25.23,47.85
1394814518130,Lehigh Valley Dual Language Charter Scho,139481451,8130,Lehigh Valley Dual Language Charter School,4.81,0,94.74,16.02,60.64
1685137588145,Universal Bluford Charter School,168513758,8145,Universal Bluford Charter School,97.83,0,84.78,0.72,50.72
1725107938124,KIPP West Philadelphia Preparatory Chart,172510793,8124,KIPP West Philadelphia Preparatory Charter School,97.77,0,85.24,0.28,50.42
1753901698125,Lincoln Leadership Academy Charter Schoo,175390169,8125,Lincoln Leadership Academy Charter School,16.37,0,89.69,6.06,48.28
1775187128127,Eastern University Academy Charter Schoo,177518712,8127,Eastern University Academy Charter School,98.21,0.3,83.88,0,60
1855155237981,Boys Latin of Philadelphia CS,185515523,7981,Boys Latin of Philadelphia CS,98.71,0,100,0,0
